"project_id,client_id,project_name,project_type,start_date,end_date,budget,status,confidentiality_level"
"PRJ-8001,CLI-5001,Digital Transformation Initiative,Technology,2020-02-01,2020-08-31,800000,Completed,Highly Confidential"
"PRJ-8002,CLI-5002 ,Healthcare System Modernization,Technology,2020-04-15,2020-12-15,450000,Completed,Confidential"
"PRJ-8003,CLI-5003,Risk Management Strategy,Strategy,2020-07-01,2021-01-31,600000,Completed,Highly Confidential"
"PRJ-8004,CLI-5004,Supply Chain Optimization,Operations,2020-10-01,,350000,Active,Confidential"
"PRJ-8005,CLI-5005,Market Entry Strategy ,Strategy,2021-02-01,2021-09-30,950000,Completed,Highly Confidential"
"PRJ-8006,CLI-5006,Manufacturing Process Improvement,Operations,2021-04-01,2021-11-30,280000,Completed,Internal"
"PRJ-8007,CLI-5007,Merger Integration Support,M&A,2021-06-15,2022-03-31,520000,Completed,Highly Confidential"
"PRJ-8008,CLI-5008,Cloud Migration Project,technology,2021-08-01,,195000,On Hold,Confidential"
"PRJ-8009,CLI-5009,Portfolio Optimization,Strategy,2021-11-01,2022-06-30,1200000,Completed,Highly Confidential"
"PRJ-8010,CLI-5010 ,Customer Experience Enhancement,Operations,2022-02-15,2022-10-31,380000,Completed,Confidential"
"PRJ-8011,CLI-5011,Sustainability Strategy,Strategy,2022-04-01,2022-12-31,620000,Completed,Confidential"
"PRJ-8012,CLI-5012,Product Development Roadmap,Strategy,2022-06-01,,150000,Cancelled,Internal"
"PRJ-8013,CLI-5013,Revenue Cycle Optimization,Operations,2022-09-01,2023-04-30,240000,Completed,Confidential"
"PRJ-8014,CLI-5014,Digital Banking Platform ,Technology,2022-11-01,2023-08-31,880000,Completed,Highly Confidential"
"PRJ-8015,CLI-5015,Omnichannel Strategy,Strategy,2023-02-01,2023-09-30,195000,Completed,Confidential"
"PRJ-8016,CLI-5016,Operational Excellence Program,Operations,2023-04-01,,1500000,Active,Highly Confidential"
"PRJ-8017,CLI-5017,AI Implementation,Technology,2023-06-01,2024-02-28,450000,Active,Highly Confidential"
"PRJ-8018,CLI-5018,Go-to-Market Strategy ,Strategy,2023-08-15,2024-03-15,320000,Active,Confidential"
"PRJ-8019,CLI-5019,Wealth Tech Platform,Technology,2023-10-01,,550000,Active,Highly Confidential"
"PRJ-8020,CLI-5020,Growth Strategy,Strategy,2023-12-01,2024-06-30,475000,Active,Confidential"
"PRJ-8021,CLI-5001,Cybersecurity Assessment,Technology,2021-03-01,2021-07-31,280000,Completed,Highly Confidential"
"PRJ-8022,CLI-5002,Telemedicine Platform,technology,2021-09-01,2022-03-31,385000,Completed,Confidential"
"PRJ-8023,CLI-5003 ,Regulatory Compliance Review,Operations,2022-01-15,2022-07-31,420000,Completed,Highly Confidential"
"PRJ-8024,CLI-5004,E-commerce Platform Launch,Technology,2022-05-01,2023-01-31,510000,Completed,Confidential"
"PRJ-8025,CLI-5005,Organizational Restructuring,Strategy,2022-08-01,2023-02-28,680000,Completed,Highly Confidential"
"PRJ-8026,CLI-5006,Quality Management System,Operations,2022-11-01,,245000,On Hold,Internal"
"PRJ-8027,CLI-5007,Clinical Trial Optimization,Operations,2023-01-15,2023-09-30,395000,Completed,Highly Confidential"
"PRJ-8028,CLI-5008 ,Data Analytics Platform,Technology,2023-04-01,2023-12-31,285000,Active,Confidential"
"PRJ-8029,CLI-5009,ESG Strategy Development,Strategy,2023-07-01,2024-01-31,725000,Active,Confidential"
"PRJ-8030,CLI-5010,Loyalty Program Redesign,Operations,2023-10-01,,310000,Active,Confidential"
"PRJ-8031,CLI-5011,Carbon Neutrality Roadmap,Strategy,2024-01-01,2024-08-31,580000,Active,Confidential"
"PRJ-8032,CLI-5003,Investment Strategy Review,Strategy,2023-05-01,2023-11-30,495000,Completed,Highly Confidential"
"PRJ-8033,CLI-5001 ,Cloud Cost Optimization,Operations,2022-09-01,2023-03-31,195000,Completed,Confidential"
"PRJ-8034,CLI-5014,Anti-Money Laundering Program,Operations,2023-02-01,2023-09-30,640000,Completed,Highly Confidential"
"PRJ-8035,CLI-5016,Safety Culture Transformation,Strategy,2023-09-01,,820000,Active,Confidential"
"PRJ-8036,CLI-5009,Acquisition Due Diligence,M&A,2022-04-01,2022-08-31,950000,Completed,Highly Confidential"
"PRJ-8037,CLI-5005,Digital Innovation Lab ,Technology,2023-11-01,2024-05-31,425000,Active,Confidential"
"PRJ-8038,CLI-5017,DevOps Transformation,Operations,2024-01-01,,365000,Active,Confidential"
"PRJ-8039,CLI-5018,Regulatory Approval Strategy,Strategy,2024-02-01,2024-09-30,285000,Active,Highly Confidential"
"PRJ-8040,CLI-5020,Customer Segmentation Analysis,Operations,2024-01-15,,220000,Active,Confidential"
