"timesheet_id,consultant_id,project_id,work_date,hours_worked,billable,activity_description,submitted_date"
"TS-10001,CON-1009,PRJ-8001,2020-02-15,8,Yes,Client requirements gathering,2020-02-16"
"TS-10002,CON-1010 ,PRJ-8002,2020-04-20,7.5,yes,System analysis,2020-04-21"
"TS-10003,CON-1011,PRJ-8003,2020-07-10,8,Y,Risk assessment workshop,2020-07-11"
"TS-10004,CON-1012,PRJ-8004,2020-10-05,6,Yes,Process mapping,2020-10-06"
"TS-10005,CON-1009,PRJ-8001,2020-03-01,9,Yes,Technical documentation,2020-03-02"
"TS-10006,CON-1013,PRJ-8005,2021-02-15,8,yes,Strategy development,2021-02-16"
"TS-10007,CON-1014 ,PRJ-8006,2021-04-10,7,Yes,Process review,2021-04-11"
"TS-10008,CON-1015,PRJ-8007,2021-06-20,8.5,Y,Integration planning,2021-06-21"
"TS-10009,CON-1016,PRJ-8008,2021-08-15,8,Yes,Cloud architecture design,2021-08-16"
"TS-10010,CON-1017,PRJ-8009,2021-11-10,10,yes,Portfolio analysis,2021-11-11"
"TS-10011,CON-1018,PRJ-8010,2022-02-20,8,Yes,Customer journey mapping,2022-02-21"
"TS-10012,CON-1019 ,PRJ-8011,2022-04-15,7.5,Y,Sustainability assessment,2022-04-16"
"TS-10013,CON-1020,PRJ-8012,2022-06-10,6,Yes,Product roadmap planning,2022-06-11"
"TS-10014,CON-1021,PRJ-8013,2022-09-05,8,No,Financial analysis,2022-09-06"
"TS-10015,CON-1022,PRJ-8014,2022-11-15,8.5,yes,Platform requirements,2022-11-16"
"TS-10016,CON-1023,PRJ-8015,2023-02-10,7,Yes,Channel strategy,2023-02-11"
"TS-10017,CON-1009 ,PRJ-8016,2023-04-20,16,Y,Process optimization,2023-04-21"
"TS-10018,CON-1010,PRJ-8017,2023-06-15,8,Yes,AI model training,2023-06-16"
"TS-10019,CON-1011,PRJ-8018,2023-08-25,9,yes,Market research,2023-08-26"
"TS-10020,CON-1012,PRJ-8019,2023-10-10,8,Yes,Platform design,2023-10-11"
"TS-10021,CON-1024 ,PRJ-8020,2023-12-05,7.5,Y,Growth analysis,2023-12-06"
"TS-10022,CON-1025,PRJ-8021,2021-03-15,8,Yes,Security audit,2021-03-16"
"TS-10023,CON-1026,PRJ-8022,2021-09-10,6.5,yes,Telemedicine requirements,2021-09-11"
"TS-10024,CON-1027,PRJ-8023,2022-01-20,8,Yes,Compliance review,2022-01-21"
"TS-10025,CON-1028 ,PRJ-8024,2022-05-15,20,Y,Platform development,2022-05-16"
"TS-10026,CON-1029,PRJ-8025,2022-08-10,8,Yes,Org design,2022-08-11"
"TS-10027,CON-1030,PRJ-8026,2022-11-20,7,yes,Quality assessment,2022-11-21"
"TS-10028,CON-1031,PRJ-8027,2023-01-25,8.5,Yes,Trial protocol review,2023-01-26"
"TS-10029,CON-1032 ,PRJ-8028,2023-04-15,8,Y,Data pipeline design,2023-04-16"
"TS-10030,CON-1033,PRJ-8029,2023-07-20,9,yes,ESG framework,2023-07-21"
"TS-10031,CON-1034,PRJ-8030,2023-10-15,8,Yes,Program design,2023-10-16"
"TS-10032,CON-1035,PRJ-8031,2024-01-10,7.5,Y,Carbon assessment,2024-01-11"
"TS-10033,CON-1036 ,PRJ-8032,2023-05-15,8,yes,Investment analysis,2023-05-16"
"TS-10034,CON-1037,PRJ-8033,2022-09-20,6,Yes,Cost analysis,2022-09-21"
"TS-10035,CON-1038,PRJ-8034,2023-02-15,8.5,Y,AML procedures,2023-02-16"
"TS-10036,CON-1039,PRJ-8035,2023-09-10,8,yes,Safety audit,2023-09-11"
"TS-10037,CON-1040 ,PRJ-8036,2022-04-20,12,Yes,Due diligence,2022-04-21"
"TS-10038,CON-1041,PRJ-8037,2023-11-15,8,Y,Innovation workshop,2023-11-16"
"TS-10039,CON-1042,PRJ-8038,2024-01-20,7.5,yes,DevOps planning,2024-01-21"
"TS-10040,CON-1043,PRJ-8039,2024-02-10,8,Yes,Regulatory analysis,2024-02-11"
"TS-10041,CON-1044 ,PRJ-8040,2024-01-25,9,Y,Segmentation analysis,2024-01-26"
"TS-10042,CON-1009,PRJ-8001,2020-02-20,8,yes,Stakeholder interviews,2020-02-21"
"TS-10043,CON-1010,PRJ-8002,2020-04-25,7,Yes,Testing coordination,2020-04-26"
"TS-10044,CON-1011,PRJ-8003,2020-07-15,8.5,Y,Risk modeling,2020-07-16"
"TS-10045,CON-1012 ,PRJ-8004,2020-10-10,6.5,yes,Supply chain mapping,2020-10-11"
"TS-10046,CON-1013,PRJ-8005,2021-02-20,8,Yes,Market analysis,2021-02-21"
"TS-10047,CON-1014,PRJ-8006,2021-04-15,7.5,Y,Manufacturing review,2021-04-16"
"TS-10048,CON-1015,PRJ-8007,2021-06-25,8,yes,Integration testing,2021-06-26"
"TS-10049,CON-1016 ,PRJ-8008,2021-08-20,9,Yes,Migration planning,2021-08-21"
"TS-10050,CON-1017,PRJ-8009,2021-11-15,8,Y,Portfolio review,2021-11-16"
"TS-10051,CON-1018,PRJ-8010,2022-02-25,7,yes,CX research,2022-02-26"
"TS-10052,CON-1019,PRJ-8011,2022-04-20,8.5,Yes,Carbon footprint analysis,2022-04-21"
"TS-10053,CON-1020 ,PRJ-8012,2022-06-15,6,Y,Product validation,2022-06-16"
"TS-10054,CON-1021,PRJ-8013,2022-09-10,8,No,Revenue analysis,2022-09-11"
"TS-10055,CON-1022,PRJ-8014,2022-11-20,9,yes,Banking platform review,2022-11-21"
"TS-10056,CON-1023,PRJ-8015,2023-02-15,8,Yes,Retail strategy,2023-02-16"
"TS-10057,CON-1024 ,PRJ-8016,2023-04-25,7.5,Y,Operational assessment,2023-04-26"
"TS-10058,CON-1025,PRJ-8017,2023-06-20,8,yes,AI training,2023-06-21"
"TS-10059,CON-1026,PRJ-8018,2023-08-30,8.5,Yes,GTM planning,2023-08-31"
"TS-10060,CON-1027,PRJ-8019,2023-10-15,7,Y,Platform testing,2023-10-16"
"TS-10061,CON-1028 ,PRJ-8020,2023-12-10,8,yes,Strategy workshop,2023-12-11"
"TS-10062,CON-1029,PRJ-8021,2021-03-20,6.5,Yes,Security testing,2021-03-21"
"TS-10063,CON-1030,PRJ-8022,2021-09-15,8,Y,Telemedicine design,2021-09-16"
"TS-10064,CON-1031,PRJ-8023,2022-01-25,9,yes,Compliance documentation,2022-01-26"
"TS-10065,CON-1032 ,PRJ-8024,2022-05-20,8,Yes,Platform architecture,2022-05-21"
"TS-10066,CON-1033,PRJ-8025,2022-08-15,7.5,Y,Change management,2022-08-16"
"TS-10067,CON-1034,PRJ-8026,2022-11-25,8,yes,Quality framework,2022-11-26"
"TS-10068,CON-1035,PRJ-8027,2023-01-30,8.5,Yes,Clinical analysis,2023-01-31"
"TS-10069,CON-1036 ,PRJ-8028,2023-04-20,7,Y,Analytics development,2023-04-21"
"TS-10070,CON-1037,PRJ-8029,2023-07-25,8,yes,ESG metrics,2023-07-26"
"TS-10071,CON-1038,PRJ-8030,2023-10-20,9,Yes,Loyalty design,2023-10-21"
"TS-10072,CON-1039,PRJ-8031,2024-01-15,8,Y,Sustainability roadmap,2024-01-16"
"TS-10073,CON-1040 ,PRJ-8032,2023-05-20,7.5,yes,Investment review,2023-05-21"
"TS-10074,CON-1041,PRJ-8033,2022-09-25,6,Yes,Cloud optimization,2022-09-26"
"TS-10075,CON-1042,PRJ-8034,2023-02-20,8.5,Y,AML testing,2023-02-21"
"TS-10076,CON-1043,PRJ-8035,2023-09-15,8,yes,Safety protocols,2023-09-16"
"TS-10077,CON-1044 ,PRJ-8036,2022-04-25,18,Yes,M&A analysis,2022-04-26"
"TS-10078,CON-1045,PRJ-8037,2023-11-20,8,Y,Innovation assessment,2023-11-21"
"TS-10079,CON-1046,PRJ-8038,2024-01-25,7,yes,DevOps implementation,2024-01-26"
"TS-10080,CON-1047,PRJ-8039,2024-02-15,8.5,Yes,Regulatory strategy,2024-02-16"
"TS-10081,CON-1048 ,PRJ-8040,2024-01-30,9,Y,Customer analytics,2024-01-31"
"TS-10082,CON-1049,PRJ-8001,2020-02-25,8,yes,Requirements review,2020-02-26"
"TS-10083,CON-1050,PRJ-8002,2020-05-01,7.5,Yes,System deployment,2020-05-02"
"TS-10084,CON-1051,PRJ-8003,2020-07-20,8,Y,Risk mitigation,2020-07-21"
"TS-10085,CON-1052 ,PRJ-8004,2020-10-15,6.5,yes,Optimization planning,2020-10-16"
"TS-10086,CON-1053,PRJ-8005,2021-02-25,8,Yes,Entry strategy,2021-02-26"
"TS-10087,CON-1054,PRJ-8006,2021-04-20,9,Y,Process improvement,2021-04-21"
"TS-10088,CON-1055,PRJ-8007,2021-07-01,8,yes,Integration support,2021-07-02"
"TS-10089,CON-1056 ,PRJ-8008,2021-08-25,7.5,Yes,Cloud testing,2021-08-26"
"TS-10090,CON-1057,PRJ-8009,2021-11-20,8.5,Y,Portfolio optimization,2021-11-21"
"TS-10091,CON-1009,PRJ-8010,2022-03-01,8,yes,CX enhancement,2022-03-02"
"TS-10092,CON-1010,PRJ-8011,2022-04-25,7,Yes,Sustainability planning,2022-04-26"
"TS-10093,CON-1011 ,PRJ-8012,2022-06-20,6,Y,Development support,2022-06-21"
"TS-10094,CON-1012,PRJ-8013,2022-09-15,8,yes,Revenue optimization,2022-09-16"
"TS-10095,CON-1013,PRJ-8014,2022-11-25,9,Yes,Banking implementation,2022-11-26"
"TS-10096,CON-1014,PRJ-8015,2023-02-20,8,Y,Omnichannel design,2023-02-21"
"TS-10097,CON-1015 ,PRJ-8016,2023-05-01,7.5,yes,Excellence framework,2023-05-02"
"TS-10098,CON-1016,PRJ-8017,2023-06-25,8,Yes,AI deployment,2023-06-26"
"TS-10099,CON-1017,PRJ-8018,2023-09-05,8.5,Y,Market strategy,2023-09-06"
"TS-10100,CON-1018,PRJ-8019,2023-10-20,7,yes,Wealth platform,2023-10-21"
"TS-10101,CON-1019 ,PRJ-8020,2023-12-15,8,Yes,Growth planning,2023-12-16"
"TS-10102,CON-1020,PRJ-8021,2021-03-25,9,Y,Cybersecurity review,2021-03-26"
"TS-10103,CON-1021,PRJ-8022,2021-09-20,8,No,Platform analysis,2021-09-21"
"TS-10104,CON-1022,PRJ-8023,2022-02-01,7.5,yes,Regulatory compliance,2022-02-02"
"TS-10105,CON-1023 ,PRJ-8024,2022-05-25,8,Yes,E-commerce launch,2022-05-26"
"TS-10106,CON-1024,PRJ-8025,2022-08-20,8.5,Y,Restructuring plan,2022-08-21"
"TS-10107,CON-1025,PRJ-8026,2022-12-01,6.5,yes,QMS implementation,2022-12-02"
"TS-10108,CON-1026,PRJ-8027,2023-02-05,8,Yes,Trial optimization,2023-02-06"
"TS-10109,CON-1027 ,PRJ-8028,2023-04-25,9,Y,Analytics platform,2023-04-26"
"TS-10110,CON-1028,PRJ-8029,2023-07-30,8,yes,ESG development,2023-07-31"
"TS-10111,CON-1029,PRJ-8030,2023-10-25,7.5,Yes,Loyalty redesign,2023-10-26"
"TS-10112,CON-1030,PRJ-8031,2024-01-20,8,Y,Carbon planning,2024-01-21"
"TS-10113,CON-1031 ,PRJ-8032,2023-05-25,8.5,yes,Strategy review,2023-05-26"
"TS-10114,CON-1032,PRJ-8033,2022-10-01,7,Yes,Cost optimization,2022-10-02"
"TS-10115,CON-1033,PRJ-8034,2023-02-25,8,Y,AML program,2023-02-26"
"TS-10116,CON-1034,PRJ-8035,2023-09-20,9,yes,Culture change,2023-09-21"
"TS-10117,CON-1035 ,PRJ-8036,2022-05-01,15,Yes,DD analysis,2022-05-02"
"TS-10118,CON-1036,PRJ-8037,2023-11-25,8,Y,Innovation lab,2023-11-26"
"TS-10119,CON-1037,PRJ-8038,2024-02-01,7.5,yes,DevOps transformation,2024-02-02"
"TS-10120,CON-1038,PRJ-8039,2024-02-20,8,Yes,Approval strategy,2024-02-21"
"TS-10121,CON-1039 ,PRJ-8040,2024-02-05,8.5,Y,Segmentation,2024-02-06"
"TS-10122,CON-1040,PRJ-8001,2020-03-05,7,yes,Digital strategy,2020-03-06"
"TS-10123,CON-1041,PRJ-8002,2020-05-10,8,Yes,Healthcare modernization,2020-05-11"
"TS-10124,CON-1042,PRJ-8003,2020-07-25,9,Y,Risk strategy,2020-07-26"
"TS-10125,CON-1043 ,PRJ-8004,2020-10-20,8,yes,Supply optimization,2020-10-21"
"TS-10126,CON-1044,PRJ-8005,2021-03-05,7.5,Yes,Market entry,2021-03-06"
"TS-10127,CON-1045,PRJ-8006,2021-04-25,8,Y,Process analysis,2021-04-26"
"TS-10128,CON-1046,PRJ-8007,2021-07-10,8.5,yes,M&A support,2021-07-11"
"TS-10129,CON-1047 ,PRJ-8008,2021-09-01,6.5,Yes,Migration support,2021-09-02"
"TS-10130,CON-1048,PRJ-8009,2021-11-25,8,No,Portfolio management,2021-11-26"
"TS-10131,CON-1049,PRJ-8010,2022-03-10,9,yes,Customer experience,2022-03-11"
"TS-10132,CON-1050,PRJ-8011,2022-05-05,8,Yes,Sustainability review,2022-05-06"
"TS-10133,CON-1051 ,PRJ-8012,2022-06-25,7,Y,Product development,2022-06-26"
"TS-10134,CON-1052,PRJ-8013,2022-09-20,8.5,yes,Cycle optimization,2022-09-21"
"TS-10135,CON-1053,PRJ-8014,2022-12-05,8,Yes,Digital platform,2022-12-06"
"TS-10136,CON-1054,PRJ-8015,2023-02-25,7.5,Y,Channel strategy,2023-02-26"
"TS-10137,CON-1055 ,PRJ-8016,2023-05-10,8,yes,Excellence program,2023-05-11"
"TS-10138,CON-1056,PRJ-8017,2023-07-05,9,Yes,AI implementation,2023-07-06"
"TS-10139,CON-1057,PRJ-8018,2023-09-15,8,Y,GTM strategy,2023-09-16"
"TS-10140,CON-1058,PRJ-8019,2023-10-25,7,No,Platform analysis,2023-10-26"
"TS-10141,CON-1059 ,PRJ-8020,2023-12-20,8.5,yes,Growth strategy,2023-12-21"
"TS-10142,CON-1060,PRJ-8021,2021-04-05,8,Yes,Security assessment,2021-04-06"
"TS-10143,CON-1009,PRJ-8022,2021-09-25,7.5,Y,Telemedicine platform,2021-09-26"
"TS-10144,CON-1010,PRJ-8023,2022-02-10,8,yes,Compliance review,2022-02-11"
"TS-10145,CON-1011 ,PRJ-8024,2022-06-05,9,Yes,Platform launch,2022-06-06"
"TS-10146,CON-1012,PRJ-8025,2022-08-25,8,Y,Org restructuring,2022-08-26"
"TS-10147,CON-1013,PRJ-8026,2022-12-10,7,yes,Quality management,2022-12-11"
"TS-10148,CON-1014,PRJ-8027,2023-02-15,8.5,Yes,Clinical optimization,2023-02-16"
"TS-10149,CON-1015 ,PRJ-8028,2023-05-01,8,Y,Data analytics,2023-05-02"
"TS-10150,CON-1016,PRJ-8029,2023-08-10,9,yes,ESG strategy,2023-08-11"
"TS-10151,CON-1017,PRJ-8030,2023-11-05,8,Yes,Program redesign,2023-11-06"
"TS-10152,CON-1018,PRJ-8031,2024-01-25,7.5,Y,Neutrality roadmap,2024-01-26"
"TS-10153,CON-1019 ,PRJ-8032,2023-06-05,8,yes,Investment strategy,2023-06-06"
"TS-10154,CON-1020,PRJ-8033,2022-10-10,8.5,Yes,Cloud cost optimization,2022-10-11"
"TS-10155,CON-1021,PRJ-8034,2023-03-05,8,No,AML review,2023-03-06"
"TS-10156,CON-1022,PRJ-8035,2023-09-25,7,yes,Safety transformation,2023-09-26"
"TS-10157,CON-1023 ,PRJ-8036,2022-05-10,22,Yes,Due diligence,2022-05-11"
"TS-10158,CON-1024,PRJ-8037,2023-12-05,8,Y,Digital innovation,2023-12-06"
"TS-10159,CON-1025,PRJ-8038,2024-02-10,9,yes,DevOps implementation,2024-02-11"
"TS-10160,CON-1026,PRJ-8039,2024-02-25,8,Yes,Regulatory approval,2024-02-26"
"TS-10161,CON-1027 ,PRJ-8040,2024-02-15,7.5,Y,Customer segmentation,2024-02-16"
"TS-10162,CON-1028,PRJ-8001,2020-03-15,8,yes,Digital transformation,2020-03-16"
"TS-10163,CON-1029,PRJ-8002,2020-05-20,8.5,Yes,System modernization,2020-05-21"
"TS-10164,CON-1030,PRJ-8003,2020-08-05,7,Y,Risk management,2020-08-06"
"TS-10165,CON-1031 ,PRJ-8004,2020-10-25,8,yes,Chain optimization,2020-10-26"
"TS-10166,CON-1032,PRJ-8005,2021-03-15,9,Yes,Entry strategy,2021-03-16"
"TS-10167,CON-1033,PRJ-8006,2021-05-05,8,Y,Manufacturing improvement,2021-05-06"
"TS-10168,CON-1034,PRJ-8007,2021-07-20,7.5,yes,Integration support,2021-07-21"
"TS-10169,CON-1035 ,PRJ-8008,2021-09-10,8,Yes,Cloud migration,2021-09-11"
"TS-10170,CON-1036,PRJ-8009,2021-12-05,8.5,Y,Portfolio analysis,2021-12-06"
"TS-10171,CON-1037,PRJ-8010,2022-03-20,7,yes,Experience enhancement,2022-03-21"
"TS-10172,CON-1038,PRJ-8011,2022-05-15,8,Yes,Sustainability strategy,2022-05-16"
"TS-10173,CON-1039 ,PRJ-8012,2022-07-05,9,No,Development roadmap,2022-07-06"
"TS-10174,CON-1040,PRJ-8013,2022-09-25,8,yes,Revenue optimization,2022-09-26"
"TS-10175,CON-1041,PRJ-8014,2022-12-15,7.5,Yes,Banking platform,2022-12-16"
"TS-10176,CON-1042,PRJ-8015,2023-03-10,8,Y,Omnichannel strategy,2023-03-11"
"TS-10177,CON-1043 ,PRJ-8016,2023-05-20,8.5,yes,Operational excellence,2023-05-21"
"TS-10178,CON-1044,PRJ-8017,2023-07-15,8,Yes,AI project,2023-07-16"
"TS-10179,CON-1045,PRJ-8018,2023-09-25,9,Y,Market strategy,2023-09-26"
"TS-10180,CON-1046,PRJ-8019,2023-11-01,8,yes,Wealth platform,2023-11-02"
"TS-10181,CON-1047 ,PRJ-8020,2024-01-05,7.5,Yes,Growth analysis,2024-01-06"
"TS-10182,CON-1048,PRJ-8021,2021-04-15,8,No,Cybersecurity,2021-04-16"
"TS-10183,CON-1049,PRJ-8022,2021-10-05,8.5,yes,Telemedicine,2021-10-06"
"TS-10184,CON-1050,PRJ-8023,2022-02-20,7,Yes,Compliance review,2022-02-21"
"TS-10185,CON-1051 ,PRJ-8024,2022-06-15,8,Y,E-commerce platform,2022-06-16"
"TS-10186,CON-1052,PRJ-8025,2022-09-05,9,yes,Restructuring,2022-09-06"
"TS-10187,CON-1053,PRJ-8026,2022-12-20,8,Yes,Quality system,2022-12-21"
"TS-10188,CON-1054,PRJ-8027,2023-02-25,7.5,Y,Trial optimization,2023-02-26"
"TS-10189,CON-1055 ,PRJ-8028,2023-05-10,8,yes,Analytics platform,2023-05-11"
"TS-10190,CON-1056,PRJ-8029,2023-08-20,8.5,Yes,ESG development,2023-08-21"
"TS-10191,CON-1057,PRJ-8030,2023-11-15,7,Y,Loyalty program,2023-11-16"
"TS-10192,CON-1058,PRJ-8031,2024-02-01,8,No,Carbon roadmap,2024-02-02"
"TS-10193,CON-1059 ,PRJ-8032,2023-06-15,9,yes,Investment review,2023-06-16"
"TS-10194,CON-1060,PRJ-8033,2022-10-20,8,Yes,Cost optimization,2022-10-21"
"TS-10195,CON-1009,PRJ-8034,2023-03-15,7.5,Y,Anti-money laundering,2023-03-16"
"TS-10196,CON-1010,PRJ-8035,2023-10-05,8,yes,Safety culture,2023-10-06"
"TS-10197,CON-1011 ,PRJ-8036,2022-05-20,19,Yes,Acquisition DD,2022-05-21"
"TS-10198,CON-1012,PRJ-8037,2023-12-15,8.5,Y,Innovation lab,2023-12-16"
"TS-10199,CON-1013,PRJ-8038,2024-02-20,7,yes,DevOps transformation,2024-02-21"
"TS-10200,CON-1014,PRJ-8039,2024-03-05,8,Yes,Regulatory strategy,2024-03-06"
"TS-10201,CON-1015 ,PRJ-8040,2024-02-20,7.5,Y,Customer analysis,2024-02-21"
"TS-10202,CON-1016,PRJ-8001,2020-04-10,8,yes,Digital implementation,2020-04-11"
"TS-10203,CON-1017,PRJ-8006,2021-05-15,9,Yes,Process optimization,2021-05-16"
"TS-10204,CON-1018,PRJ-8011,2022-06-05,8,Y,Strategy development,2022-06-06"
"TS-10205,CON-1019 ,PRJ-8015,2023-03-20,7,yes,Channel planning,2023-03-21"
"TS-10206,CON-1020,PRJ-8020,2024-01-10,8.5,Yes,Growth workshop,2024-01-11"
"TS-10207,CON-1021,PRJ-8023,2022-03-15,8,No,Compliance analysis,2022-03-16"
"TS-10208,CON-1022,PRJ-8028,2023-06-10,9,yes,Platform testing,2023-06-11"
"TS-10209,CON-1023 ,PRJ-8032,2023-07-05,8,Yes,Strategy assessment,2023-07-06"
"TS-10210,CON-1024,PRJ-8036,2022-06-15,17,Y,Acquisition review,2022-06-16"
"TS-10211,CON-1025,PRJ-8001,2020-04-20,7.5,yes,Transformation planning,2020-04-21"
"TS-10212,CON-1026,PRJ-8007,2021-08-10,8,Yes,Integration analysis,2021-08-11"
"TS-10213,CON-1027 ,PRJ-8013,2022-10-05,8.5,Y,Revenue review,2022-10-06"
"TS-10214,CON-1028,PRJ-8018,2023-10-01,7,yes,Market assessment,2023-10-02"
"TS-10215,CON-1029,PRJ-8024,2022-07-15,8,Yes,Platform testing,2022-07-16"
"TS-10216,CON-1030,PRJ-8031,2024-02-10,9,Y,Carbon analysis,2024-02-11"
"TS-10217,CON-1031 ,PRJ-8004,2020-11-10,8,yes,Supply chain review,2020-11-11"
"TS-10218,CON-1032,PRJ-8010,2022-04-05,7.5,Yes,Customer research,2022-04-06"
"TS-10219,CON-1033,PRJ-8016,2023-06-10,8,Y,Operational review,2023-06-11"
"TS-10220,CON-1034,PRJ-8022,2021-10-20,8.5,yes,Telemedicine review,2021-10-21"
"TS-10221,CON-1035 ,PRJ-8027,2023-03-15,7,Yes,Trial review,2023-03-16"
"TS-10222,CON-1036,PRJ-8033,2022-11-05,8,Y,Cloud review,2022-11-06"
"TS-10223,CON-1037,PRJ-8038,2024-02-25,9,yes,DevOps review,2024-02-26"
"TS-10224,CON-1038,PRJ-8002,2020-06-10,8,Yes,System review,2020-06-11"
"TS-10225,CON-1039 ,PRJ-8012,2022-07-20,7.5,No,Product review,2022-07-21"
"TS-10226,CON-1040,PRJ-8019,2023-11-10,8,yes,Platform review,2023-11-11"
"TS-10227,CON-1041,PRJ-8025,2022-09-15,8.5,Yes,Org review,2022-09-16"
"TS-10228,CON-1042,PRJ-8030,2023-11-20,7,Y,Loyalty review,2023-11-21"
"TS-10229,CON-1043 ,PRJ-8034,2023-04-10,8,yes,AML review,2023-04-11"
"TS-10230,CON-1044,PRJ-8037,2023-12-20,9,Yes,Innovation review,2023-12-21"
"TS-10231,CON-1045,PRJ-8003,2020-08-15,8,Y,Risk review,2020-08-16"
"TS-10232,CON-1046,PRJ-8008,2021-09-20,7.5,yes,Migration review,2021-09-21"
"TS-10233,CON-1047 ,PRJ-8014,2023-01-15,8,Yes,Banking review,2023-01-16"
"TS-10234,CON-1048,PRJ-8021,2021-05-10,8.5,No,Security review,2021-05-11"
"TS-10235,CON-1049,PRJ-8026,2023-01-05,7,yes,Quality review,2023-01-06"
"TS-10236,CON-1050,PRJ-8029,2023-09-10,8,Yes,ESG review,2023-09-11"
"TS-10237,CON-1051 ,PRJ-8035,2023-10-15,9,Y,Safety review,2023-10-16"
"TS-10238,CON-1052,PRJ-8005,2021-04-10,8,yes,Entry review,2021-04-11"
"TS-10239,CON-1053,PRJ-8009,2022-02-05,7.5,Yes,Portfolio review,2022-02-06"
"TS-10240,CON-1054,PRJ-8017,2023-08-10,8,Y,AI review,2023-08-11"
"TS-10241,CON-1055 ,PRJ-8040,2024-03-01,8.5,yes,Segmentation review,2024-03-02"
"TS-10242,CON-1056,PRJ-8006,2021-06-15,7,Yes,Manufacturing review,2021-06-16"
"TS-10243,CON-1057,PRJ-8011,2022-06-20,8,Y,Sustainability review,2022-06-21"
"TS-10244,CON-1058,PRJ-8023,2022-04-05,9,No,Compliance review,2022-04-06"
"TS-10245,CON-1059 ,PRJ-8032,2023-07-20,8,yes,Investment review,2023-07-21"
"TS-10246,CON-1060,PRJ-8016,2023-06-25,7.5,Yes,Excellence review,2023-06-26"
